"","Age","pop_linear","pop_spline","adminCode","adminNameAsUsed"
"1","<1",1814239.58690431,1814239.58690431,"ET","Ethiopia"
"2","1",1745378.09508912,1740186.08989337,"ET","Ethiopia"
"3","2",1676516.60327392,1676516.60327392,"ET","Ethiopia"
"4","3",1650033.60261914,1630948.99271945,"ET","Ethiopia"
"5","4",1623550.60196435,1600536.54503139,"ET","Ethiopia"
"6","5",1597067.60130957,1579666.40229318,"ET","Ethiopia"
"7","6",1570584.60065478,1562725.70658823,"ET","Ethiopia"
"8","7",1544101.6,1544101.6,"ET","Ethiopia"
"9","8",1515244.2,1519545.50239807,"ET","Ethiopia"
"10","9",1486386.8,1490265.94479668,"ET","Ethiopia"
"11","10",1457529.4,1458835.73599627,"ET","Ethiopia"
"12","11",1428672,1427827.68479723,"ET","Ethiopia"
"13","12",1399814.6,1399814.6,"ET","Ethiopia"
"14","13",1381579.56,1376680.62976454,"ET","Ethiopia"
"15","14",1363344.52,1357555.27968905,"ET","Ethiopia"
"16","15",1345109.48,1340879.39473129,"ET","Ethiopia"
"17","16",1326874.44,1325093.81984902,"ET","Ethiopia"
"18","17",1308639.4,1308639.4,"ET","Ethiopia"
"19","18",1284138.84,1290151.95934378,"ET","Ethiopia"
"20","19",1259638.28,1269047.23884712,"ET","Ethiopia"
"21","20",1235137.72,1244935.95867856,"ET","Ethiopia"
"22","21",1210637.16,1217428.83900667,"ET","Ethiopia"
"23","22",1186136.6,1186136.6,"ET","Ethiopia"
"24","23",1144498.84,1150819.35366034,"ET","Ethiopia"
"25","24",1102861.08,1111834.77932248,"ET","Ethiopia"
"26","25",1061223.32,1069689.94815445,"ET","Ethiopia"
"27","26",1019585.56,1024891.93132428,"ET","Ethiopia"
"28","27",977947.8,977947.8,"ET","Ethiopia"
"29","28",932812.2,929552.520414854,"ET","Ethiopia"
"30","29",887676.6,881152.639062955,"ET","Ethiopia"
"31","30",842541,834382.597503628,"ET","Ethiopia"
"32","31",797405.4,790876.837296201,"ET","Ethiopia"
"33","32",752269.8,752269.8,"ET","Ethiopia"
"34","33",725461.76,719622.396680241,"ET","Ethiopia"
"35","34",698653.72,691701.416425699,"ET","Ethiopia"
"36","35",671845.68,666700.117831035,"ET","Ethiopia"
"37","36",645037.64,642811.759490915,"ET","Ethiopia"
"38","37",618229.6,618229.6,"ET","Ethiopia"
"39","38",592404.6,591686.328064181,"ET","Ethiopia"
"40","39",566579.6,564072.352834251,"ET","Ethiopia"
"41","40",540754.6,536817.513572231,"ET","Ethiopia"
"42","41",514929.6,511351.64954014,"ET","Ethiopia"
"43","42",489104.6,489104.6,"ET","Ethiopia"
"44","43",474142.88,471011.004663036,"ET","Ethiopia"
"45","44",459181.16,456024.705037298,"ET","Ethiopia"
"46","45",444219.44,442604.343080042,"ET","Ethiopia"
"47","46",429257.72,429208.560748524,"ET","Ethiopia"
"48","47",414296,414296,"ET","Ethiopia"
"49","48",394148.36,396729.493283676,"ET","Ethiopia"
"50","49",374000.72,376988.635016558,"ET","Ethiopia"
"51","50",353853.08,355957.210107602,"ET","Ethiopia"
"52","51",333705.44,334519.003465764,"ET","Ethiopia"
"53","52",313557.8,313557.8,"ET","Ethiopia"
"54","53",297206.32,293837.073402261,"ET","Ethiopia"
"55","54",280854.84,275639.052496471,"ET","Ethiopia"
"56","55",264503.36,259125.654889551,"ET","Ethiopia"
"57","56",248151.88,244458.798188421,"ET","Ethiopia"
"58","57",231800.4,231800.4,"ET","Ethiopia"
"59","58",223304.08,221192.509107282,"ET","Ethiopia"
"60","59",214807.76,212197.698997558,"ET","Ethiopia"
"61","60",206311.44,204258.674334193,"ET","Ethiopia"
"62","61",197815.12,196818.139780552,"ET","Ethiopia"
"63","62",189318.8,189318.8,"ET","Ethiopia"
"64","63",180884.92,181329.077368612,"ET","Ethiopia"
"65","64",172451.04,172920.265113298,"ET","Ethiopia"
"66","65",164017.16,164289.374173678,"ET","Ethiopia"
"67","66",155583.28,155633.415489372,"ET","Ethiopia"
"68","67",147149.4,147149.4,"ET","Ethiopia"
"69","68",139314.48,138984.506218271,"ET","Ethiopia"
"70","69",131479.56,131086.582949252,"ET","Ethiopia"
"71","70",123644.64,123353.646571097,"ET","Ethiopia"
"72","71",115809.72,115683.713461961,"ET","Ethiopia"
"73","72",107974.8,107974.8,"ET","Ethiopia"
"74","73",99988.12,100147.044958303,"ET","Ethiopia"
"75","74",92001.44,92209.0766896949,"ET","Ethiopia"
"76","75",84014.76,84191.6459419355,"ET","Ethiopia"
"77","76",76028.08,76125.5034627841,"ET","Ethiopia"
"78","77",68041.4,68041.4,"ET","Ethiopia"
"79","78",60781.1656,59996.5861725173,"ET","Ethiopia"
"80","79",53520.9312,52154.3120839686,"ET","Ethiopia"
"81","80",46260.6968,44704.3277091612,"ET","Ethiopia"
"82","81",39000.4624,37836.3830229026,"ET","Ethiopia"
"83","82",31740.228,31740.228,"ET","Ethiopia"
"84","83",27871.8768,26548.9800156281,"ET","Ethiopia"
"85","84",24003.5256,22169.2260464309,"ET","Ethiopia"
"86","85",20135.1744,18450.9204694196,"ET","Ethiopia"
"87","86",16266.8232,15244.0176616055,"ET","Ethiopia"
"88","87",12398.472,12398.472,"ET","Ethiopia"
"89","88",10380.9876,9796.01022897034,"ET","Ethiopia"
"90","89",8363.5032,7445.44856230801,"ET","Ethiopia"
"91","90",6346.0188,5387.37558116051,"ET","Ethiopia"
"92","91",4328.5344,3662.37986667534,"ET","Ethiopia"
"93","92",2311.05,2311.05,"ET","Ethiopia"
"94","93",1879.976,1354.58009249053,"ET","Ethiopia"
"95","94",1448.902,736.586376337096,"ET","Ethiopia"
"96","95",1017.828,381.290613938397,"ET","Ethiopia"
"97","96",586.754,212.914567693131,"ET","Ethiopia"
"98","97",155.68,155.679999999998,"ET","Ethiopia"
"99","98",164.12,144.473755027315,"ET","Ethiopia"
"100","99",172.56,156.843004021852,"ET","Ethiopia"
"101","100",181,181,"ET","Ethiopia"
"102","<1",111522.931758616,111522.931758616,"ET01","Tigray"
"103","1",107289.95703337,107354.04855651,"ET01","Tigray"
"104","2",103056.982308123,103056.982308123,"ET01","Tigray"
"105","3",99366.603543654,98579.0906850432,"ET01","Tigray"
"106","4",95676.2247791848,94169.8942303348,"ET01","Tigray"
"107","5",91985.8460147156,90154.4542049317,"ET01","Tigray"
"108","6",88295.4672502464,86857.8318697679,"ET01","Tigray"
"109","7",84605.0884857772,84605.0884857772,"ET01","Tigray"
"110","8",84209.6880565362,83579.2964048811,"ET01","Tigray"
"111","9",83814.2876272951,83395.5723429522,"ET01","Tigray"
"112","10",83418.8871980541,83527.0441068508,"ET01","Tigray"
"113","11",83023.486768813,83446.8395034373,"ET01","Tigray"
"114","12",82628.086339572,82628.086339572,"ET01","Tigray"
"115","13",79585.3189175263,80691.1018931213,"ET01","Tigray"
"116","14",76542.5514954805,77844.9613259761,"ET01","Tigray"
"117","15",73499.7840734347,74445.9292710334,"ET01","Tigray"
"118","16",70457.016651389,70850.2703611901,"ET01","Tigray"
"119","17",67414.2492293432,67414.2492293432,"ET01","Tigray"
"120","18",64898.782489953,64412.0420535172,"ET01","Tigray"
"121","19",62383.3157505628,61789.4711922469,"ET01","Tigray"
"122","20",59867.8490111726,59410.2705491945,"ET01","Tigray"
"123","21",57352.3822717824,57138.1740280222,"ET01","Tigray"
"124","22",54836.9155323922,54836.9155323922,"ET01","Tigray"
"125","23",52383.7958980536,52405.808464328,"ET01","Tigray"
"126","24",49930.6762637149,49886.4842192975,"ET01","Tigray"
"127","25",47477.5566293763,47356.1536911298,"ET01","Tigray"
"128","26",45024.4369950376,44892.0277736539,"ET01","Tigray"
"129","27",42571.317360699,42571.317360699,"ET01","Tigray"
"130","28",41069.9974374692,40465.1800548684,"ET01","Tigray"
"131","29",39568.6775142394,38620.5602938631,"ET01","Tigray"
"132","30",38067.3575910096,37078.3492241581,"ET01","Tigray"
"133","31",36566.0376677798,35879.4379922287,"ET01","Tigray"
"134","32",35064.71774455,35064.71774455,"ET01","Tigray"
"135","33",34748.3754954799,34637.4623084185,"ET01","Tigray"
"136","34",34432.0332464098,34450.4762344153,"ET01","Tigray"
"137","35",34115.6909973396,34318.9467539428,"ET01","Tigray"
"138","36",33799.3487482695,34058.0610984033,"ET01","Tigray"
"139","37",33483.0064991994,33483.0064991994,"ET01","Tigray"
"140","38",32095.856138969,32465.9342057393,"ET01","Tigray"
"141","39",30708.7057787387,31106.8515394556,"ET01","Tigray"
"142","40",29321.5554185083,29562.7298397868,"ET01","Tigray"
"143","41",27934.405058278,27990.5404461713,"ET01","Tigray"
"144","42",26547.2546980476,26547.2546980476,"ET01","Tigray"
"145","43",25638.4325398656,25351.8020659502,"ET01","Tigray"
"146","44",24729.6103816837,24370.9445447967,"ET01","Tigray"
"147","45",23820.7882235017,23533.4022606011,"ET01","Tigray"
"148","46",22911.9660653198,22767.8953393769,"ET01","Tigray"
"149","47",22003.1439071378,22003.1439071378,"ET01","Tigray"
"150","48",21410.9472038602,21194.637985094,"ET01","Tigray"
"151","49",20818.7505005827,20404.9471752411,"ET01","Tigray"
"152","50",20226.5537973051,19723.4109747714,"ET01","Tigray"
"153","51",19634.3570940275,19239.368880877,"ET01","Tigray"
"154","52",19042.1603907499,19042.1603907499,"ET01","Tigray"
"155","53",19126.5265193185,19172.9528946644,"ET01","Tigray"
"156","54",19210.8926478871,19480.2253552221,"ET01","Tigray"
"157","55",19295.2587764557,19764.2846281069,"ET01","Tigray"
"158","56",19379.6249050242,19825.4375690026,"ET01","Tigray"
"159","57",19463.9910335928,19463.9910335928,"ET01","Tigray"
"160","58",18191.04799449,18550.4180349789,"ET01","Tigray"
"161","59",16918.1049553872,17235.8562159319,"ET01","Tigray"
"162","60",15645.1619162844,15741.6093766405,"ET01","Tigray"
"163","61",14372.2188771816,14288.9813172932,"ET01","Tigray"
"164","62",13099.2758380787,13099.2758380787,"ET01","Tigray"
"165","63",12719.3093800068,12332.6705263626,"ET01","Tigray"
"166","64",12339.3429219348,11904.8381182182,"ET01","Tigray"
"167","65",11959.3764638629,11670.3251368958,"ET01","Tigray"
"168","66",11579.4100057909,11483.678105646,"ET01","Tigray"
"169","67",11199.443547719,11199.443547719,"ET01","Tigray"
"170","68",10497.7352418963,10707.9065131405,"ET01","Tigray"
"171","69",9796.0269360737,10042.3061590375,"ET01","Tigray"
"172","70",9094.31863025108,9271.62016931255,"ET01","Tigray"
"173","71",8392.61032442845,8464.82622786786,"ET01","Tigray"
"174","72",7690.90201860582,7690.90201860582,"ET01","Tigray"
"175","73",7063.71707279032,7001.43667661209,"ET01","Tigray"
"176","74",6436.53212697483,6378.46514170543,"ET01","Tigray"
"177","75",5809.34718115933,5786.63380488789,"ET01","Tigray"
"178","76",5182.16223534384,5190.58905716151,"ET01","Tigray"
"179","77",4554.97728952834,4554.97728952834,"ET01","Tigray"
"180","78",3906.31703162267,3858.57000628777,"ET01","Tigray"
"181","79",3257.656773717,3136.63916492855,"ET01","Tigray"
"182","80",2608.99651581134,2438.58183623678,"ET01","Tigray"
"183","81",1960.33625790567,1813.79509099856,"ET01","Tigray"
"184","82",1311.676,1311.676,"ET01","Tigray"
"185","83",1151.8288,966.761211338261,"ET01","Tigray"
"186","84",991.9816,754.145682354832,"ET01","Tigray"
"187","85",832.1344,634.063947702272,"ET01","Tigray"
"188","86",672.2872,566.750542033142,"ET01","Tigray"
"189","87",512.44,512.44,"ET01","Tigray"
"190","88",429.0652,439.778272597698,"ET01","Tigray"
"191","89",345.6904,351.056976190245,"ET01","Tigray"
"192","90",262.3156,256.979143483944,"ET01","Tigray"
"193","91",178.9408,168.247807185095,"ET01","Tigray"
"194","92",95.566,95.5659999999999,"ET01","Tigray"
"195","93",77.7328,46.9079062709482,"ET01","Tigray"
"196","94",59.8996,19.3323168841866,"ET01","Tigray"
"197","95",42.0664,7.16917436195094,"ET01","Tigray"
"198","96",24.2332,4.74842122647685,"ET01","Tigray"
"199","97",6.4,6.40000000000003,"ET01","Tigray"
"200","98",6.6,7.48762531598169,"ET01","Tigray"
"201","99",6.8,7.51010025278535,"ET01","Tigray"
"202","100",7,7,"ET01","Tigray"
"203","<1",26068.7319728247,26068.7319728247,"ET02","Afar"
"204","1",25079.2585184611,24782.6053956488,"ET02","Afar"
"205","2",24089.7850640975,24089.7850640975,"ET02","Afar"
"206","3",25608.0060527175,24434.6963783523,"ET02","Afar"
"207","4",27126.2270413376,25666.241356823,"ET02","Afar"
"208","5",28644.4480299577,27484.4411724764,"ET02","Afar"
"209","6",30162.6690185777,29589.316998279,"ET02","Afar"
"210","7",31680.8900071978,31680.8900071978,"ET02","Afar"
"211","8",32772.8253063904,33504.7862734057,"ET02","Afar"
"212","9",33864.7606055831,34989.0514759012,"ET02","Afar"
"213","10",34956.6959047757,36107.336194889,"ET02","Afar"
"214","11",36048.6312039684,36833.291010574,"ET02","Afar"
"215","12",37140.566503161,37140.566503161,"ET02","Afar"
"216","13",36228.0535062055,37011.6410695874,"ET02","Afar"
"217","14",35315.54050925,36464.3043737218,"ET02","Afar"
"218","15",34403.0275122946,35525.1738961651,"ET02","Afar"
"219","16",33490.5145153391,34220.8671175187,"ET02","Afar"
"220","17",32578.0015183836,32578.0015183836,"ET02","Afar"
"221","18",30518.2267269706,30639.6923755602,"ET02","Afar"
"222","19",28458.4519355577,28515.0461506456,"ET02","Afar"
"223","20",26398.6771441447,26329.6671014363,"ET02","Afar"
"224","21",24338.9023527318,24209.1594857286,"ET02","Afar"
"225","22",22279.1275613188,22279.1275613188,"ET02","Afar"
"226","23",20984.1406879591,20632.5511129066,"ET02","Afar"
"227","24",19689.1538145995,19231.9120328047,"ET02","Afar"
"228","25",18394.1669412398,18007.067740229,"ET02","Afar"
"229","26",17099.1800678801,16887.8756543956,"ET02","Afar"
"230","27",15804.1931945205,15804.1931945205,"ET02","Afar"
"231","28",14926.5045820325,14709.4963012195,"ET02","Afar"
"232","29",14048.8159695446,13651.7350007089,"ET02","Afar"
"233","30",13171.1273570567,12702.4778406048,"ET02","Afar"
"234","31",12293.4387445688,11933.2933685234,"ET02","Afar"
"235","32",11415.7501320809,11415.7501320809,"ET02","Afar"
"236","33",11520.2440470591,11196.062023341,"ET02","Afar"
"237","34",11624.7379620373,11219.0243121582,"ET02","Afar"
"238","35",11729.2318770155,11404.0776128344,"ET02","Afar"
"239","36",11833.7257919937,11670.6625396717,"ET02","Afar"
"240","37",11938.2197069719,11938.2197069719,"ET02","Afar"
"241","38",11891.883467893,12136.073951922,"ET02","Afar"
"242","39",11845.5472288141,12233.0870032473,"ET02","Afar"
"243","40",11799.2109897351,12208.0048125581,"ET02","Afar"
"244","41",11752.8747506562,12039.5733314647,"ET02","Afar"
"245","42",11706.5385115772,11706.5385115772,"ET02","Afar"
"246","43",11087.4681563881,11201.9084172983,"ET02","Afar"
"247","44",10468.397801199,10575.7395642,"ET02","Afar"
"248","45",9849.32744600981,9892.35058064649,"ET02","Afar"
"249","46",9230.25709082066,9216.06009500223,"ET02","Afar"
"250","47",8611.18673563152,8611.18673563152,"ET02","Afar"
"251","48",8204.74611016899,8123.4071691602,"ET02","Afar"
"252","49",7798.30548470646,7723.83021526002,"ET02","Afar"
"253","50",7391.86485924392,7364.92273186424,"ET02","Afar"
"254","51",6985.42423378139,6999.1515769061,"ET02","Afar"
"255","52",6578.98360831886,6578.98360831886,"ET02","Afar"
"256","53",6079.05492186046,6073.53215273509,"ET02","Afar"
"257","54",5579.12623540207,5518.49641158474,"ET02","Afar"
"258","55",5079.19754894367,4966.22205499707,"ET02","Afar"
"259","56",4579.26886248528,4469.05475310136,"ET02","Afar"
"260","57",4079.34017602688,4079.34017602688,"ET02","Afar"
"261","58",3917.8395063301,3831.00143558327,"ET02","Afar"
"262","59",3756.33883663333,3684.27141030161,"ET02","Afar"
"263","60",3594.83816693655,3580.96042039338,"ET02","Afar"
"264","61",3433.33749723978,3462.87878607002,"ET02","Afar"
"265","62",3271.836827543,3271.836827543,"ET02","Afar"
"266","63",2907.17436467796,2967.74839409549,"ET02","Afar"
"267","64",2542.51190181292,2582.94145129749,"ET02","Afar"
"268","65",2177.84943894788,2167.84749379073,"ET02","Afar"
"269","66",1813.18697608284,1772.89801621693,"ET02","Afar"
"270","67",1448.52451321781,1448.52451321781,"ET02","Afar"
"271","68",1345.0269523609,1231.40358167213,"ET02","Afar"
"272","69",1241.529391504,1103.19222740685,"ET02","Afar"
"273","70",1138.0318306471,1031.79255848596,"ET02","Afar"
"274","71",1034.5342697902,985.106682973445,"ET02","Afar"
"275","72",931.0367089333,931.0367089333,"ET02","Afar"
"276","73",821.169671446633,845.126363457056,"ET02","Afar"
"277","74",711.302633959966,733.485849746387,"ET02","Afar"
"278","75",601.4355964733,609.866990030507,"ET02","Afar"
"279","76",491.568558986633,488.021606538629,"ET02","Afar"
"280","77",381.701521499966,381.701521499966,"ET02","Afar"
"281","78",336.494017199973,301.389514334712,"ET02","Afar"
"282","79",291.28651289998,244.492193226987,"ET02","Afar"
"283","80",246.079008599986,205.147123551893,"ET02","Afar"
"284","81",200.871504299993,177.49187068453,"ET02","Afar"
"285","82",155.664,155.664,"ET02","Afar"
"286","83",136.6752,134.856835533817,"ET02","Afar"
"287","84",117.6864,114.486735963148,"ET02","Afar"
"288","85",98.6976,95.0258186255692,"ET02","Afar"
"289","86",79.7088,76.9462008586605,"ET02","Afar"
"290","87",60.72,60.72,"ET02","Afar"
"291","88",50.848,46.7188985380009,"ET02","Afar"
"292","89",40.976,34.9128395644149,"ET02","Afar"
"293","90",31.104,25.1713313218284,"ET02","Afar"
"294","91",21.232,17.363882052828,"ET02","Afar"
"295","92",11.36,11.36,"ET02","Afar"
"296","93",9.248,7.00497831417908,"ET02","Afar"
"297","94",7.136,4.04724977919282,"ET02","Afar"
"298","95",5.024,2.21103208711702,"ET02","Afar"
"299","96",2.912,1.22054293002748,"ET02","Afar"
"300","97",0.8,0.800000000000004,"ET02","Afar"
"301","98",0.866666666666667,0.703242267145636,"ET02","Afar"
"302","99",0.933333333333333,0.802593813716509,"ET02","Afar"
"303","100",1,1,"ET02","Afar"
"304","<1",382978.405410725,382978.405410725,"ET03","Amhara"
"305","1",368442.02816977,367679.937739829,"ET03","Amhara"
"306","2",353905.650928815,353905.650928815,"ET03","Amhara"
"307","3",346846.226956057,342838.648007142,"ET03","Amhara"
"308","4",339786.802983299,334297.720682579,"ET03","Amhara"
"309","5",332727.37901054,327760.582832474,"ET03","Amhara"
"310","6",325667.955037782,322704.948334173,"ET03","Amhara"
"311","7",318608.531065024,318608.531065024,"ET03","Amhara"
"312","8",315570.769128672,315022.52516253,"ET03","Amhara"
"313","9",312533.007192321,311792.045804821,"ET03","Amhara"
"314","10",309495.245255969,308835.688430183,"ET03","Amhara"
"315","11",306457.483319618,306072.048476903,"ET03","Amhara"
"316","12",303419.721383266,303419.721383266,"ET03","Amhara"
"317","13",298368.354998213,300710.776750025,"ET03","Amhara"
"318","14",293316.98861316,297431.180827797,"ET03","Amhara"
"319","15",288265.622228106,292980.374029662,"ET03","Amhara"
"320","16",283214.255843053,286757.796768702,"ET03","Amhara"
"321","17",278162.889458,278162.889458,"ET03","Amhara"
"322","18",266252.990107366,266915.329119346,"ET03","Amhara"
"323","19",254343.090756731,254015.739209367,"ET03","Amhara"
"324","20",242433.191406097,240784.979793397,"ET03","Amhara"
"325","21",230523.292055462,228543.910936773,"ET03","Amhara"
"326","22",218613.392704828,218613.392704828,"ET03","Amhara"
"327","23",213552.731284242,211861.972542098,"ET03","Amhara"
"328","24",208492.069863656,207348.947409911,"ET03","Amhara"
"329","25",203431.40844307,203681.301648797,"ET03","Amhara"
"330","26",198370.747022483,199466.019599283,"ET03","Amhara"
"331","27",193310.085601897,193310.085601897,"ET03","Amhara"
"332","28",183330.938176812,184290.478078458,"ET03","Amhara"
"333","29",173351.790751727,173364.151775936,"ET03","Amhara"
"334","30",163372.643326642,161958.05552259,"ET03","Amhara"
"335","31",153393.495901556,151499.138146682,"ET03","Amhara"
"336","32",143414.348476471,143414.348476471,"ET03","Amhara"
"337","33",141224.050782782,138681.974022681,"ET03","Amhara"
"338","34",139033.753089094,136485.657025896,"ET03","Amhara"
"339","35",136843.455395405,135560.37840916,"ET03","Amhara"
"340","36",134653.157701716,134641.119095522,"ET03","Amhara"
"341","37",132462.860008027,132462.860008027,"ET03","Amhara"
"342","38",126708.665680847,128122.829974546,"ET03","Amhara"
"343","39",120954.471353667,122167.249442235,"ET03","Amhara"
"344","40",115200.277026486,115504.586763074,"ET03","Amhara"
"345","41",109446.082699306,109043.310289045,"ET03","Amhara"
"346","42",103691.888372125,103691.888372125,"ET03","Amhara"
"347","43",101564.239509195,100100.186601049,"ET03","Amhara"
"348","44",99436.5906462652,97883.6595115541,"ET03","Amhara"
"349","45",97308.9417833352,96399.1588761328,"ET03","Amhara"
"350","46",95181.2929204051,95003.5364672759,"ET03","Amhara"
"351","47",93053.644057475,93053.644057475,"ET03","Amhara"
"352","48",89775.5143393462,90099.7978307038,"ET03","Amhara"
"353","49",86497.3846212175,86466.1716168669,"ET03","Amhara"
"354","50",83219.2549030887,82670.4036573511,"ET03","Amhara"
"355","51",79941.12518496,79230.1321935435,"ET03","Amhara"
"356","52",76662.9954668312,76662.9954668312,"ET03","Amhara"
"357","53",75542.4304626816,75294.7797114638,"ET03","Amhara"
"358","54",74421.865458532,74683.863133142,"ET03","Amhara"
"359","55",73301.3004543824,74196.771930429,"ET03","Amhara"
"360","56",72180.7354502328,73200.0323018883,"ET03","Amhara"
"361","57",71060.1704460832,71060.1704460832,"ET03","Amhara"
"362","58",66444.1840901045,67359.2149132441,"ET03","Amhara"
"363","59",61828.1977341258,62541.2036602695,"ET03","Amhara"
"364","60",57212.2113781472,57265.6769957251,"ET03","Amhara"
"365","61",52596.2250221685,52192.1752281767,"ET03","Amhara"
"366","62",47980.2386661898,47980.2386661898,"ET03","Amhara"
"367","63",46230.9115405862,45099.8528847197,"ET03","Amhara"
"368","64",44481.5844149827,43262.7845242799,"ET03","Amhara"
"369","65",42732.2572893791,41991.2454917733,"ET03","Amhara"
"370","66",40982.9301637756,40807.447694103,"ET03","Amhara"
"371","67",39233.603038172,39233.603038172,"ET03","Amhara"
"372","68",36360.9736008928,36920.5583286878,"ET03","Amhara"
"373","69",33488.3441636135,34033.6999615761,"ET03","Amhara"
"374","70",30615.7147263343,30867.0492305667,"ET03","Amhara"
"375","71",27743.085289055,27714.62742939,"ET03","Amhara"
"376","72",24870.4558517758,24870.4558517758,"ET03","Amhara"
"377","73",22973.7582422965,22547.1387611078,"ET03","Amhara"
"378","74",21077.0606328172,20631.6122993833,"ET03","Amhara"
"379","75",19180.3630233379,18929.3955782531,"ET03","Amhara"
"380","76",17283.6654138585,17246.0077093681,"ET03","Amhara"
"381","77",15386.9678043792,15386.9678043792,"ET03","Amhara"
"382","78",13246.2654435034,13222.0613697719,"ET03","Amhara"
"383","79",11105.5630826275,10878.139491371,"ET03","Amhara"
"384","80",8964.86072175169,8546.31964983569,"ET03","Amhara"
"385","81",6824.15836087584,6417.71932582556,"ET03","Amhara"
"386","82",4683.456,4683.456,"ET03","Amhara"
"387","83",4112.6672,3480.35279968466,"ET03","Amhara"
"388","84",3541.8784,2728.05543887014,"ET03","Amhara"
"389","85",2971.0896,2291.9152782133,"ET03","Amhara"
"390","86",2400.3008,2037.28367837097,"ET03","Amhara"
"391","87",1829.512,1829.512,"ET03","Amhara"
"392","88",1531.798,1562.4323393316,"ET03","Amhara"
"393","89",1234.084,1243.79973489439,"ET03","Amhara"
"394","90",936.37,909.849960791396,"ET03","Amhara"
"395","91",638.656,596.818791125598,"ET03","Amhara"
"396","92",340.942,340.942,"ET03","Amhara"
"397","93",277.3456,169.142034988961,"ET03","Amhara"
"398","94",213.7492,71.0880375522814,"ET03","Amhara"
"399","95",150.1528,27.1358226211211,"ET03","Amhara"
"400","96",86.5564,17.6412051266405,"ET03","Amhara"
"401","97",22.96,22.96,"ET03","Amhara"
"402","98",24.3066666666667,26.9904292783331,"ET03","Amhara"
"403","99",25.6533333333333,27.8003434226665,"ET03","Amhara"
"404","100",27,27,"ET03","Amhara"
"405","<1",834602.13844534,834602.13844534,"ET04","Oromia"
"406","1",802923.880446561,801837.875157039,"ET04","Oromia"
"407","2",771245.622447783,771245.622447783,"ET04","Oromia"
"408","3",747937.67163689,744419.958740934,"ET04","Oromia"
"409","4",724629.720825998,720645.73383712,"ET04","Oromia"
"410","5",701321.770015106,698630.365381284,"ET04","Oromia"
"411","6",678013.819204214,677081.27101837,"ET04","Oromia"
"412","7",654705.868393322,654705.868393322,"ET04","Oromia"
"413","8",631447.242605485,630637.326275443,"ET04","Oromia"
"414","9",608188.616817648,605711.817931479,"ET04","Oromia"
"415","10",584929.99102981,581191.267752536,"ET04","Oromia"
"416","11",561671.365241973,558337.60012972,"ET04","Oromia"
"417","12",538412.739454136,538412.739454136,"ET04","Oromia"
"418","13",524301.265065121,522206.349905175,"ET04","Oromia"
"419","14",510189.790676106,508619.05481537,"ET04","Oromia"
"420","15",496078.31628709,496079.217305538,"ET04","Oromia"
"421","16",481966.841898075,483015.200496495,"ET04","Oromia"
"422","17",467855.36750906,467855.36750906,"ET04","Oromia"
"423","18",449746.572279516,449601.679241943,"ET04","Oromia"
"424","19",431637.777049971,429550.487705431,"ET04","Oromia"
"425","20",413528.981820427,409571.742687705,"ET04","Oromia"
"426","21",395420.186590882,391535.393976947,"ET04","Oromia"
"427","22",377311.391361338,377311.391361338,"ET04","Oromia"
"428","23",370459.968506455,368083.520347378,"ET04","Oromia"
"429","24",363608.545651572,362290.909314853,"ET04","Oromia"
"430","25",356757.122796688,357686.522361865,"ET04","Oromia"
"431","26",349905.699941805,352023.32358652,"ET04","Oromia"
"432","27",343054.277086922,343054.277086922,"ET04","Oromia"
"433","28",326578.613911755,329257.954073593,"ET04","Oromia"
"434","29",310102.950736588,312015.354206731,"ET04","Oromia"
"435","30",293627.28756142,293433.084258949,"ET04","Oromia"
"436","31",277151.624386253,275617.751002862,"ET04","Oromia"
"437","32",260675.961211086,260675.961211086,"ET04","Oromia"
"438","33",253671.760307699,250097.150099721,"ET04","Oromia"
"439","34",246667.559404312,242902.066658813,"ET04","Oromia"
"440","35",239663.358500924,237494.288321893,"ET04","Oromia"
"441","36",232659.157597537,232277.392522495,"ET04","Oromia"
"442","37",225654.95669415,225654.95669415,"ET04","Oromia"
"443","38",214401.663656213,216460.987104091,"ET04","Oromia"
"444","39",203148.370618277,205251.205354355,"ET04","Oromia"
"445","40",191895.07758034,193011.76188068,"ET04","Oromia"
"446","41",180641.784542403,180728.807118805,"ET04","Oromia"
"447","42",169388.491504466,169388.491504466,"ET04","Oromia"
"448","43",162237.049361949,159755.281592565,"ET04","Oromia"
"449","44",155085.607219432,151706.908414647,"ET04","Oromia"
"450","45",147934.165076915,144899.419121421,"ET04","Oromia"
"451","46",140782.722934398,138988.860863596,"ET04","Oromia"
"452","47",133631.280791881,133631.280791881,"ET04","Oromia"
"453","48",128685.243895275,128529.137199456,"ET04","Oromia"
"454","49",123739.206998668,123570.532949395,"ET04","Oromia"
"455","50",118793.170102062,118689.982047243,"ET04","Oromia"
"456","51",113847.133205456,113821.998498546,"ET04","Oromia"
"457","52",108901.09630885,108901.09630885,"ET04","Oromia"
"458","53",104287.193170045,103898.755761103,"ET04","Oromia"
"459","54",99673.2900312395,98934.3222478653,"ET04","Oromia"
"460","55",95059.3868924343,94164.1074390979,"ET04","Oromia"
"461","56",90445.483753629,89744.4230047634,"ET04","Oromia"
"462","57",85831.5806148238,85831.5806148238,"ET04","Oromia"
"463","58",83070.9825346422,82523.3933987147,"ET04","Oromia"
"464","59",80310.3844544606,79683.6803237659,"ET04","Oromia"
"465","60",77549.786374279,77117.7618167809,"ET04","Oromia"
"466","61",74789.1882940974,74630.9583045631,"ET04","Oromia"
"467","62",72028.5902139158,72028.5902139158,"ET04","Oromia"
"468","63",68579.9469933236,69150.5049963513,"ET04","Oromia"
"469","64",65131.3037727314,65974.6582022168,"ET04","Oromia"
"470","65",61682.6605521392,62513.5324065685,"ET04","Oromia"
"471","66",58234.017331547,58779.6101844624,"ET04","Oromia"
"472","67",54785.3741109548,54785.3741109548,"ET04","Oromia"
"473","68",50568.1277835106,50562.1288920967,"ET04","Oromia"
"474","69",46350.8814560664,46216.4677579193,"ET04","Oromia"
"475","70",42133.6351286222,41873.8060694488,"ET04","Oromia"
"476","71",37916.388801178,37659.5591877116,"ET04","Oromia"
"477","72",33699.1424737338,33699.1424737338,"ET04","Oromia"
"478","73",30680.529613265,30090.0675214635,"ET04","Oromia"
"479","74",27661.9167527963,26818.2308565365,"ET04","Oromia"
"480","75",24643.3038923275,23841.6252375102,"ET04","Oromia"
"481","76",21624.6910318587,21118.2434229422,"ET04","Oromia"
"482","77",18606.07817139,18606.07817139,"ET04","Oromia"
"483","78",16640.707337112,16271.410058144,"ET04","Oromia"
"484","79",14675.336502834,14113.6709254268,"ET04","Oromia"
"485","80",12709.965668556,12140.5804321935,"ET04","Oromia"
"486","81",10744.594834278,10359.8582373995,"ET04","Oromia"
"487","82",8779.224,8779.224,"ET04","Oromia"
"488","83",7709.2576,7400.65203305157,"ET04","Oromia"
"489","84",6639.2912,6203.13526601519,"ET04","Oromia"
"490","85",5569.3248,5159.92128245302,"ET04","Oromia"
"491","86",4499.3584,4244.25766592724,"ET04","Oromia"
"492","87",3429.392,3429.392,"ET04","Oromia"
"493","88",2871.3704,2694.24055340133,"ET04","Oromia"
"494","89",2313.3488,2040.39433553269,"ET04","Oromia"
"495","90",1755.3272,1475.11304096338,"ET04","Oromia"
"496","91",1197.3056,1005.65636426271,"ET04","Oromia"
"497","92",639.284,639.284,"ET04","Oromia"
"498","93",520.0352,378.737753343099,"ET04","Oromia"
"499","94",400.7864,208.687871854055,"ET04","Oromia"
"500","95",281.5376,109.286713693462,"ET04","Oromia"
"501","96",162.2888,60.6866370219126,"ET04","Oromia"
"502","97",43.04,43.0399999999998,"ET04","Oromia"
"503","98",45.36,39.19011232765,"ET04","Oromia"
"504","99",47.68,42.74408986212,"ET04","Oromia"
"505","100",50,50,"ET04","Oromia"
"506","<1",89331.0898406431,89331.0898406431,"ET05","Somali"
"507","1",85940.4122537262,85016.6258059641,"ET05","Somali"
"508","2",82549.7346668093,82549.7346668093,"ET05","Somali"
"509","3",87499.3470808209,83335.6203026196,"ET05","Somali"
"510","4",92448.9594948326,87010.0105285045,"ET05","Somali"
"511","5",97398.5719088443,92766.2641434899,"ET05","Somali"
"512","6",102348.184322856,99797.7399466022,"ET05","Somali"
"513","7",107297.796736868,107297.796736868,"ET05","Somali"
"514","8",112044.877139447,114519.304075619,"ET05","Somali"
"515","9",116791.957542027,120953.174573417,"ET05","Somali"
"516","10",121539.037944606,126149.831603129,"ET05","Somali"
"517","11",126286.118347186,129659.698537623,"ET05","Somali"
"518","12",131033.198749766,131033.198749766,"ET05","Somali"
"519","13",126994.799030575,129986.52507745,"ET05","Somali"
"520","14",122956.399311385,126898.948218674,"ET05","Somali"
"521","15",118917.999592195,122315.508336461,"ET05","Somali"
"522","16",114879.599873004,116781.245593833,"ET05","Somali"
"523","17",110841.200153814,110841.200153814,"ET05","Somali"
"524","18",104917.231476386,104937.137927971,"ET05","Somali"
"525","19",98993.262798958,99097.7278220484,"ET05","Somali"
"526","20",93069.29412153,93248.3644903327,"ET05","Somali"
"527","21",87145.3254441019,87314.4425871119,"ET05","Somali"
"528","22",81221.3567666738,81221.3567666738,"ET05","Somali"
"529","23",75365.9287792145,74943.9971634906,"ET05","Somali"
"530","24",69510.5007917552,68655.2358327736,"ET05","Somali"
"531","25",63655.072804296,62577.4403099185,"ET05","Somali"
"532","26",57799.6448168367,56932.9781303211,"ET05","Somali"
"533","27",51944.2168293774,51944.2168293774,"ET05","Somali"
"534","28",49044.6725349924,47776.1456073962,"ET05","Somali"
"535","29",46145.1282406073,44364.2403243388,"ET05","Somali"
"536","30",43245.5839462223,41586.5985050795,"ET05","Somali"
"537","31",40346.0396518372,39321.3176744925,"ET05","Somali"
"538","32",37446.4953574522,37446.4953574522,"ET05","Somali"
"539","33",36777.497506233,35875.7397288753,"ET05","Somali"
"540","34",36108.4996550139,34664.7015638484,"ET05","Somali"
"541","35",35439.5018037947,33904.5422875003,"ET05","Somali"
"542","36",34770.5039525756,33686.42332496,"ET05","Somali"
"543","37",34101.5061013564,34101.5061013564,"ET05","Somali"
"544","38",34891.7106272534,35154.44750409,"ET05","Somali"
"545","39",35681.9151531505,36503.8862696473,"ET05","Somali"
"546","40",36472.1196790475,37721.9565967863,"ET05","Somali"
"547","41",37262.3242049446,38380.7926842651,"ET05","Somali"
"548","42",38052.5287308416,38052.5287308416,"ET05","Somali"
"549","43",35693.9614633666,36466.3412319679,"ET05","Somali"
"550","44",33335.3941958917,33979.5758698718,"ET05","Somali"
"551","45",30976.8269284167,31106.6206234751,"ET05","Somali"
"552","46",28618.2596609418,28361.8634716995,"ET05","Somali"
"553","47",26259.6923934668,26259.6923934668,"ET05","Somali"
"554","48",25718.3762146313,25155.7906007515,"ET05","Somali"
"555","49",25177.0600357958,24771.0222377385,"ET05","Somali"
"556","50",24635.7438569604,24667.5466816654,"ET05","Somali"
"557","51",24094.4276781249,24407.5233097698,"ET05","Somali"
"558","52",23553.1114992894,23553.1114992894,"ET05","Somali"
"559","53",21531.824145843,21813.7175927467,"ET05","Somali"
"560","54",19510.5367923967,19487.7357938045,"ET05","Somali"
"561","55",17489.2494389503,17020.8072714104,"ET05","Somali"
"562","56",15467.9620855039,14858.5731945122,"ET05","Somali"
"563","57",13446.6747320576,13446.6747320576,"ET05","Somali"
"564","58",13624.2522007675,13079.5122892022,"ET05","Somali"
"565","59",13801.8296694774,13446.5232159339,"ET05","Somali"
"566","60",13979.4071381873,14085.9040984481,"ET05","Somali"
"567","61",14156.9846068972,14535.8515229406,"ET05","Somali"
"568","62",14334.5620756071,14334.5620756071,"ET05","Somali"
"569","63",12560.597334994,13164.7787113963,"ET05","Somali"
"570","64",10786.632594381,11287.4298602698,"ET05","Somali"
"571","65",9012.6678537679,9107.99032094209,"ET05","Somali"
"572","66",7238.70311315483,7031.93489212788,"ET05","Somali"
"573","67",5464.73837254176,5464.73837254176,"ET05","Somali"
"574","68",5436.13419590177,4698.82324186875,"ET05","Somali"
"575","69",5407.53001926178,4574.40270367536,"ET05","Somali"
"576","70",5378.9258426218,4818.63764249847,"ET05","Somali"
"577","71",5350.32166598181,5158.688942875,"ET05","Somali"
"578","72",5321.71748934182,5321.71748934182,"ET05","Somali"
"579","73",4725.06175123304,5102.13447785164,"ET05","Somali"
"580","74",4128.40601312426,4563.35235002041,"ET05","Somali"
"581","75",3531.75027501548,3836.03385887988,"ET05","Somali"
"582","76",2935.0945369067,3050.8417574618,"ET05","Somali"
"583","77",2338.43879879792,2338.43879879792,"ET05","Somali"
"584","78",2046.34303903834,1800.97975589678,"ET05","Somali"
"585","79",1754.24727927875,1426.587481674,"ET05","Somali"
"586","80",1462.15151951917,1174.876849022,"ET05","Somali"
"587","81",1170.05575975958,1005.4627308332,"ET05","Somali"
"588","82",877.96,877.959999999999,"ET05","Somali"
"589","83",770.9632,759.082235755593,"ET05","Somali"
"590","84",663.9664,643.937842696295,"ET05","Somali"
"591","85",556.9696,534.733931759201,"ET05","Somali"
"592","86",449.9728,433.677613881404,"ET05","Somali"
"593","87",342.976,342.976,"ET05","Somali"
"594","88",287.1608,264.371102065386,"ET05","Somali"
"595","89",231.3456,197.744536081168,"ET05","Somali"
"596","90",175.5304,142.512819064258,"ET05","Somali"
"597","91",119.7152,98.0924680315653,"ET05","Somali"
"598","92",63.9,63.8999999999999,"ET05","Somali"
"599","93",51.984,39.1790199828645,"ET05","Somali"
"600","94",40.068,22.4814849790315,"ET05","Somali"
"601","95",28.152,12.1864399837663,"ET05","Somali"
"602","96",16.236,6.67292999233411,"ET05","Somali"
"603","97",4.32,4.32,"ET05","Somali"
"604","98",4.54666666666667,3.69131944757594,"ET05","Somali"
"605","99",4.77333333333333,4.08905555806075,"ET05","Somali"
"606","100",5,5,"ET05","Somali"
"607","<1",23576.052718617,23576.052718617,"ET06","Benshangul-Gumaz"
"608","1",22681.2030129172,22690.0374060728,"ET06","Benshangul-Gumaz"
"609","2",21786.3533072173,21786.3533072173,"ET06","Benshangul-Gumaz"
"610","3",20923.4427243161,20856.030090902,"ET06","Benshangul-Gumaz"
"611","4",20060.5321414149,19924.8912466288,"ET06","Benshangul-Gumaz"
"612","5",19197.6215585136,19027.4587190627,"ET06","Benshangul-Gumaz"
"613","6",18334.7109756124,18198.2544528686,"ET06","Benshangul-Gumaz"
"614","7",17471.8003927112,17471.8003927112,"ET06","Benshangul-Gumaz"
"615","8",17028.8807080162,16871.9636890432,"ET06","Benshangul-Gumaz"
"616","9",16585.9610233211,16379.9923154693,"ET06","Benshangul-Gumaz"
"617","10",16143.0413386261,15966.4794513819,"ET06","Benshangul-Gumaz"
"618","11",15700.1216539311,15602.0182761733,"ET06","Benshangul-Gumaz"
"619","12",15257.2019692361,15257.2019692361,"ET06","Benshangul-Gumaz"
"620","13",14870.3620569008,14906.8192913243,"ET06","Benshangul-Gumaz"
"621","14",14483.5221445656,14542.4413286385,"ET06","Benshangul-Gumaz"
"622","15",14096.6822322303,14159.834748741,"ET06","Benshangul-Gumaz"
"623","16",13709.842319895,13754.766219194,"ET06","Benshangul-Gumaz"
"624","17",13323.0024075597,13323.0024075597,"ET06","Benshangul-Gumaz"
"625","18",13005.5441522324,12869.2709705859,"ET06","Benshangul-Gumaz"
"626","19",12688.0858969051,12434.1435217612,"ET06","Benshangul-Gumaz"
"627","20",12370.6276415777,12067.1526637597,"ET06","Benshangul-Gumaz"
"628","21",12053.1693862504,11817.8309992556,"ET06","Benshangul-Gumaz"
"629","22",11735.711130923,11735.711130923,"ET06","Benshangul-Gumaz"
"630","23",11780.1289556208,11841.4538248679,"ET06","Benshangul-Gumaz"
"631","24",11824.5467803186,12040.2325009238,"ET06","Benshangul-Gumaz"
"632","25",11868.9646050164,12208.3487423562,"ET06","Benshangul-Gumaz"
"633","26",11913.3824297142,12222.1041324304,"ET06","Benshangul-Gumaz"
"634","27",11957.800254412,11957.800254412,"ET06","Benshangul-Gumaz"
"635","28",11137.0910362774,11337.4851468184,"ET06","Benshangul-Gumaz"
"636","29",10316.3818181428,10466.192669176,"ET06","Benshangul-Gumaz"
"637","30",9495.67260000824,9494.70313626302,"ET06","Benshangul-Gumaz"
"638","31",8674.96338187366,8573.79686285793,"ET06","Benshangul-Gumaz"
"639","32",7854.25416373908,7854.25416373908,"ET06","Benshangul-Gumaz"
"640","33",7705.9490008074,7443.32273808004,"ET06","Benshangul-Gumaz"
"641","34",7557.64383787572,7274.11982263516,"ET06","Benshangul-Gumaz"
"642","35",7409.33867494404,7236.23003855395,"ET06","Benshangul-Gumaz"
"643","36",7261.03351201236,7219.23800698595,"ET06","Benshangul-Gumaz"
"644","37",7112.72834908068,7112.72834908068,"ET06","Benshangul-Gumaz"
"645","38",6704.97815542429,6835.89448579623,"ET06","Benshangul-Gumaz"
"646","39",6297.2279617679,6426.36503732493,"ET06","Benshangul-Gumaz"
"647","40",5889.47776811152,5951.37742366766,"ET06","Benshangul-Gumaz"
"648","41",5481.72757445513,5478.1690648253,"ET06","Benshangul-Gumaz"
"649","42",5073.97738079874,5073.97738079874,"ET06","Benshangul-Gumaz"
"650","43",4912.1168010859,4788.62455718326,"ET06","Benshangul-Gumaz"
"651","44",4750.25622137307,4602.27184195179,"ET06","Benshangul-Gumaz"
"652","45",4588.39564166023,4477.66524867163,"ET06","Benshangul-Gumaz"
"653","46",4426.5350619474,4377.55079091011,"ET06","Benshangul-Gumaz"
"654","47",4264.67448223456,4264.67448223456,"ET06","Benshangul-Gumaz"
"655","48",4065.1755549018,4110.27996977684,"ET06","Benshangul-Gumaz"
"656","49",3865.67662756904,3919.60143492699,"ET06","Benshangul-Gumaz"
"657","50",3666.17770023628,3706.37069263963,"ET06","Benshangul-Gumaz"
"658","51",3466.67877290352,3484.31955786935,"ET06","Benshangul-Gumaz"
"659","52",3267.17984557076,3267.17984557076,"ET06","Benshangul-Gumaz"
"660","53",3098.20289756222,3066.17560238616,"ET06","Benshangul-Gumaz"
"661","54",2929.22594955369,2882.49980170872,"ET06","Benshangul-Gumaz"
"662","55",2760.24900154515,2714.83764861931,"ET06","Benshangul-Gumaz"
"663","56",2591.27205353662,2561.8743481988,"ET06","Benshangul-Gumaz"
"664","57",2422.29510552808,2422.29510552808,"ET06","Benshangul-Gumaz"
"665","58",2305.77546367689,2294.46956536817,"ET06","Benshangul-Gumaz"
"666","59",2189.25582182571,2175.50513120077,"ET06","Benshangul-Gumaz"
"667","60",2072.73617997452,2062.19364618774,"ET06","Benshangul-Gumaz"
"668","61",1956.21653812334,1951.32695349091,"ET06","Benshangul-Gumaz"
"669","62",1839.69689627215,1839.69689627215,"ET06","Benshangul-Gumaz"
"670","63",1726.41567437079,1725.01915876332,"ET06","Benshangul-Gumaz"
"671","64",1613.13445246942,1608.70478947632,"ET06","Benshangul-Gumaz"
"672","65",1499.85323056806,1493.08867799305,"ET06","Benshangul-Gumaz"
"673","66",1386.57200866669,1380.50571389541,"ET06","Benshangul-Gumaz"
"674","67",1273.29078676533,1273.29078676533,"ET06","Benshangul-Gumaz"
"675","68",1184.16321511809,1173.20434688497,"ET06","Benshangul-Gumaz"
"676","69",1095.03564347084,1079.70908733762,"ET06","Benshangul-Gumaz"
"677","70",1005.9080718236,991.693261906825,"ET06","Benshangul-Gumaz"
"678","71",916.780500176362,908.045124376141,"ET06","Benshangul-Gumaz"
"679","72",827.65292852912,827.65292852912,"ET06","Benshangul-Gumaz"
"680","73",755.563379763867,749.657609971151,"ET06","Benshangul-Gumaz"
"681","74",683.473830998614,674.210831594968,"ET06","Benshangul-Gumaz"
"682","75",611.38428223336,601.716938115143,"ET06","Benshangul-Gumaz"
"683","76",539.294733468107,532.580274246248,"ET06","Benshangul-Gumaz"
"684","77",467.205184702854,467.205184702854,"ET06","Benshangul-Gumaz"
"685","78",415.988947762283,405.997762864506,"ET06","Benshangul-Gumaz"
"686","79",364.772710821712,349.371096770638,"ET06","Benshangul-Gumaz"
"687","80",313.556473881142,297.740023125659,"ET06","Benshangul-Gumaz"
"688","81",262.340236940571,251.519378633977,"ET06","Benshangul-Gumaz"
"689","82",211.124,211.124,"ET06","Benshangul-Gumaz"
"690","83",185.3856,176.739816893336,"ET06","Benshangul-Gumaz"
"691","84",159.6472,147.637130844394,"ET06","Benshangul-Gumaz"
"692","85",133.9088,122.857336348785,"ET06","Benshangul-Gumaz"
"693","86",108.1704,101.441827902117,"ET06","Benshangul-Gumaz"
"694","87",82.432,82.432,"ET06","Benshangul-Gumaz"
"695","88",69.0128,65.0726001300116,"ET06","Benshangul-Gumaz"
"696","89",55.5936,49.4217877476006,"ET06","Benshangul-Gumaz"
"697","90",42.1744,35.7410753001838,"ET06","Benshangul-Gumaz"
"698","91",28.7552,24.291975235178,"ET06","Benshangul-Gumaz"
"699","92",15.336,15.336,"ET06","Benshangul-Gumaz"
"700","93",12.4768,9.00613458661766,"ET06","Benshangul-Gumaz"
"701","94",9.6176,4.92125416520318,"ET06","Benshangul-Gumaz"
"702","95",6.7584,2.57170645047988,"ET06","Benshangul-Gumaz"
"703","96",3.8992,1.44783915717105,"ET06","Benshangul-Gumaz"
"704","97",1.04,1.04,"ET06","Benshangul-Gumaz"
"705","98",1.02666666666667,0.912013416188294,"ET06","Benshangul-Gumaz"
"706","99",1.01333333333333,0.921610732950635,"ET06","Benshangul-Gumaz"
"707","100",1,1,"ET06","Benshangul-Gumaz"
"708","<1",432681.439899701,432681.439899701,"ET07","SouthernNations,NationalitiesandPeoples"
"709","1",416258.545555277,414776.13275751,"ET07","SouthernNations,NationalitiesandPeoples"
"710","2",399835.651210852,399835.651210853,"ET07","SouthernNations,NationalitiesandPeoples"
"711","3",393854.312811726,389997.256342951,"ET07","SouthernNations,NationalitiesandPeoples"
"712","4",387872.9744126,384087.951187778,"ET07","SouthernNations,NationalitiesandPeoples"
"713","5",381891.636013474,380107.174266992,"ET07","SouthernNations,NationalitiesandPeoples"
"714","6",375910.297614348,376054.364102253,"ET07","SouthernNations,NationalitiesandPeoples"
"715","7",369928.959215222,369928.959215222,"ET07","SouthernNations,NationalitiesandPeoples"
"716","8",356802.061616204,360259.206999688,"ET07","SouthernNations,NationalitiesandPeoples"
"717","9",343675.164017186,347688.590337967,"ET07","SouthernNations,NationalitiesandPeoples"
"718","10",330548.266418168,333389.400984503,"ET07","SouthernNations,NationalitiesandPeoples"
"719","11",317421.36881915,318533.930693743,"ET07","SouthernNations,NationalitiesandPeoples"
"720","12",304294.471220132,304294.471220132,"ET07","SouthernNations,NationalitiesandPeoples"
"721","13",292248.968416069,291528.909595595,"ET07","SouthernNations,NationalitiesandPeoples"
"722","14",280203.465612006,279837.513961973,"ET07","SouthernNations,NationalitiesandPeoples"
"723","15",268157.962807942,268506.147738588,"ET07","SouthernNations,NationalitiesandPeoples"
"724","16",256112.460003879,256820.674344762,"ET07","SouthernNations,NationalitiesandPeoples"
"725","17",244066.957199816,244066.957199816,"ET07","SouthernNations,NationalitiesandPeoples"
"726","18",232361.702234179,229900.945702968,"ET07","SouthernNations,NationalitiesandPeoples"
"727","19",220656.447268543,215458.933173023,"ET07","SouthernNations,NationalitiesandPeoples"
"728","20",208951.192302906,202247.298908684,"ET07","SouthernNations,NationalitiesandPeoples"
"729","21",197245.937337269,191772.422208653,"ET07","SouthernNations,NationalitiesandPeoples"
"730","22",185540.682371633,185540.682371633,"ET07","SouthernNations,NationalitiesandPeoples"
"731","23",186683.792781327,184422.490078995,"ET07","SouthernNations,NationalitiesandPeoples"
"732","24",187826.903191021,186744.381542798,"ET07","SouthernNations,NationalitiesandPeoples"
"733","25",188970.013600715,190196.924357765,"ET07","SouthernNations,NationalitiesandPeoples"
"734","26",190113.124010409,192470.686118625,"ET07","SouthernNations,NationalitiesandPeoples"
"735","27",191256.234420103,191256.234420103,"ET07","SouthernNations,NationalitiesandPeoples"
"736","28",181506.406978549,184967.948515807,"ET07","SouthernNations,NationalitiesandPeoples"
"737","29",171756.579536995,174915.454294869,"ET07","SouthernNations,NationalitiesandPeoples"
"738","30",162006.752095441,163132.189305302,"ET07","SouthernNations,NationalitiesandPeoples"
"739","31",152256.924653886,151651.591095119,"ET07","SouthernNations,NationalitiesandPeoples"
"740","32",142507.097212332,142507.097212332,"ET07","SouthernNations,NationalitiesandPeoples"
"741","33",140146.814298023,137153.818610964,"ET07","SouthernNations,NationalitiesandPeoples"
"742","34",137786.531383713,134733.559869065,"ET07","SouthernNations,NationalitiesandPeoples"
"743","35",135426.248469403,133809.798970696,"ET07","SouthernNations,NationalitiesandPeoples"
"744","36",133065.965555094,132946.013899916,"ET07","SouthernNations,NationalitiesandPeoples"
"745","37",130705.682640784,130705.682640784,"ET07","SouthernNations,NationalitiesandPeoples"
"746","38",123983.00020571,126040.400837389,"ET07","SouthernNations,NationalitiesandPeoples"
"747","39",117260.317770636,119454.234773929,"ET07","SouthernNations,NationalitiesandPeoples"
"748","40",110537.635335562,111839.368394629,"ET07","SouthernNations,NationalitiesandPeoples"
"749","41",103814.952900488,104087.985643715,"ET07","SouthernNations,NationalitiesandPeoples"
"750","42",97092.2704654134,97092.2704654134,"ET07","SouthernNations,NationalitiesandPeoples"
"751","43",93083.9429141232,91523.4106959339,"ET07","SouthernNations,NationalitiesandPeoples"
"752","44",89075.6153628329,87168.6097394208,"ET07","SouthernNations,NationalitiesandPeoples"
"753","45",85067.2878115427,83594.0748920024,"ET07","SouthernNations,NationalitiesandPeoples"
"754","46",81058.9602602524,80366.0134498068,"ET07","SouthernNations,NationalitiesandPeoples"
"755","47",77050.6327089622,77050.6327089622,"ET07","SouthernNations,NationalitiesandPeoples"
"756","48",73068.2125370538,73319.3986612763,"ET07","SouthernNations,NationalitiesandPeoples"
"757","49",69085.7923651455,69264.8120812743,"ET07","SouthernNations,NationalitiesandPeoples"
"758","50",65103.3721932371,65084.6324391612,"ET07","SouthernNations,NationalitiesandPeoples"
"759","51",61120.9520213288,60976.6192051416,"ET07","SouthernNations,NationalitiesandPeoples"
"760","52",57138.5318494204,57138.5318494204,"ET07","SouthernNations,NationalitiesandPeoples"
"761","53",54401.417931032,53724.4050226425,"ET07","SouthernNations,NationalitiesandPeoples"
"762","54",51664.3040126437,50713.3740972135,"ET07","SouthernNations,NationalitiesandPeoples"
"763","55",48927.1900942553,48040.8496259794,"ET07","SouthernNations,NationalitiesandPeoples"
"764","56",46190.076175867,45642.2421617858,"ET07","SouthernNations,NationalitiesandPeoples"
"765","57",43452.9622574786,43452.9622574786,"ET07","SouthernNations,NationalitiesandPeoples"
"766","58",41485.9634721163,41410.2774486783,"ET07","SouthernNations,NationalitiesandPeoples"
"767","59",39518.964686754,39458.8832021036,"ET07","SouthernNations,NationalitiesandPeoples"
"768","60",37551.9659013916,37545.3319672479,"ET07","SouthernNations,NationalitiesandPeoples"
"769","61",35584.9671160293,35616.1761936045,"ET07","SouthernNations,NationalitiesandPeoples"
"770","62",33617.968330667,33617.968330667,"ET07","SouthernNations,NationalitiesandPeoples"
"771","63",31504.9416966036,31515.9196419407,"ET07","SouthernNations,NationalitiesandPeoples"
"772","64",29391.9150625401,29349.8766469798,"ET07","SouthernNations,NationalitiesandPeoples"
"773","65",27278.8884284767,27178.3446793502,"ET07","SouthernNations,NationalitiesandPeoples"
"774","66",25165.8617944132,25059.8290726182,"ET07","SouthernNations,NationalitiesandPeoples"
"775","67",23052.8351603498,23052.8351603498,"ET07","SouthernNations,NationalitiesandPeoples"
"776","68",21457.2061976677,21202.5587773605,"ET07","SouthernNations,NationalitiesandPeoples"
"777","69",19861.5772349856,19500.9577634629,"ET07","SouthernNations,NationalitiesandPeoples"
"778","70",18265.9482723035,17926.6804597189,"ET07","SouthernNations,NationalitiesandPeoples"
"779","71",16670.3193096214,16458.3752071904,"ET07","SouthernNations,NationalitiesandPeoples"
"780","72",15074.6903469392,15074.6903469392,"ET07","SouthernNations,NationalitiesandPeoples"
"781","73",13852.6401309271,13756.5636232263,"ET07","SouthernNations,NationalitiesandPeoples"
"782","74",12630.5899149149,12494.0903931081,"ET07","SouthernNations,NationalitiesandPeoples"
"783","75",11408.5396989027,11279.6554168404,"ET07","SouthernNations,NationalitiesandPeoples"
"784","76",10186.4894828905,10105.6434546786,"ET07","SouthernNations,NationalitiesandPeoples"
"785","77",8964.43926687832,8964.43926687832,"ET07","SouthernNations,NationalitiesandPeoples"
"786","78",7988.22341350266,7853.2224812772,"ET07","SouthernNations,NationalitiesandPeoples"
"787","79",7012.00756012699,6788.352196041,"ET07","SouthernNations,NationalitiesandPeoples"
"788","80",6035.79170675133,5790.98237691752,"ET07","SouthernNations,NationalitiesandPeoples"
"789","81",5059.57585337566,4882.26698965458,"ET07","SouthernNations,NationalitiesandPeoples"
"790","82",4083.36,4083.36,"ET07","SouthernNations,NationalitiesandPeoples"
"791","83",3585.7072,3408.36542316538,"ET07","SouthernNations,NationalitiesandPeoples"
"792","84",3088.0544,2843.18747221749,"ET07","SouthernNations,NationalitiesandPeoples"
"793","85",2590.4016,2366.68040968692,"ET07","SouthernNations,NationalitiesandPeoples"
"794","86",2092.7488,1957.69849810423,"ET07","SouthernNations,NationalitiesandPeoples"
"795","87",1595.096,1595.096,"ET07","SouthernNations,NationalitiesandPeoples"
"796","88",1335.5464,1262.20457070299,"ET07","SouthernNations,NationalitiesandPeoples"
"797","89",1075.9968,960.265436734746,"ET07","SouthernNations,NationalitiesandPeoples"
"798","90",816.4472,694.997217415007,"ET07","SouthernNations,NationalitiesandPeoples"
"799","91",556.8976,472.118532063512,"ET07","SouthernNations,NationalitiesandPeoples"
"800","92",297.348,297.348,"ET07","SouthernNations,NationalitiesandPeoples"
"801","93",241.8784,173.802086022665,"ET07","SouthernNations,NationalitiesandPeoples"
"802","94",186.4088,94.188636843524,"ET07","SouthernNations,NationalitiesandPeoples"
"803","95",130.9392,48.6133446530509,"ET07","SouthernNations,NationalitiesandPeoples"
"804","96",75.4696,27.1819016417185,"ET07","SouthernNations,NationalitiesandPeoples"
"805","97",20,19.9999999999999,"ET07","SouthernNations,NationalitiesandPeoples"
"806","98",21,18.5804257999516,"ET07","SouthernNations,NationalitiesandPeoples"
"807","99",22,20.0643406399613,"ET07","SouthernNations,NationalitiesandPeoples"
"808","100",23,23,"ET07","SouthernNations,NationalitiesandPeoples"
"809","<1",10498.1073175072,10498.1073175072,"ET12","GambelaPeoples"
"810","1",10099.6435881527,10065.9803731538,"ET12","GambelaPeoples"
"811","2",9701.17985879815,9701.17985879815,"ET12","GambelaPeoples"
"812","3",9545.8438990876,9452.48021462471,"ET12","GambelaPeoples"
"813","4",9390.50793937704,9294.44792156474,"ET12","GambelaPeoples"
"814","5",9235.17197966649,9183.09747073622,"ET12","GambelaPeoples"
"815","6",9079.83601995593,9074.44335325711,"ET12","GambelaPeoples"
"816","7",8924.50006024538,8924.50006024538,"ET12","GambelaPeoples"
"817","8",8699.62935526221,8703.55562989103,"ET12","GambelaPeoples"
"818","9",8474.75865027904,8438.99228867214,"ET12","GambelaPeoples"
"819","10",8249.88794529586,8172.46581013885,"ET12","GambelaPeoples"
"820","11",8025.01724031269,7945.63196784127,"ET12","GambelaPeoples"
"821","12",7800.14653532952,7800.14653532952,"ET12","GambelaPeoples"
"822","13",7792.5473551479,7761.7553104786,"ET12","GambelaPeoples"
"823","14",7784.94817496627,7792.56418846297,"ET12","GambelaPeoples"
"824","15",7777.34899478465,7838.769088782,"ET12","GambelaPeoples"
"825","16",7769.74981460302,7846.56593093503,"ET12","GambelaPeoples"
"826","17",7762.1506344214,7762.1506344214,"ET12","GambelaPeoples"
"827","18",7512.7389447838,7551.24986219569,"ET12","GambelaPeoples"
"828","19",7263.3272551462,7257.71325103335,"ET12","GambelaPeoples"
"829","20",7013.9155655086,6944.92118116507,"ET12","GambelaPeoples"
"830","21",6764.503875871,6676.25403282153,"ET12","GambelaPeoples"
"831","22",6515.0921862334,6515.0921862334,"ET12","GambelaPeoples"
"832","23",6534.89157933384,6501.40732854367,"ET12","GambelaPeoples"
"833","24",6554.69097243428,6581.53637454453,"ET12","GambelaPeoples"
"834","25",6574.49036553472,6678.40754594048,"ET12","GambelaPeoples"
"835","26",6594.28975863516,6714.94906443601,"ET12","GambelaPeoples"
"836","27",6614.0891517356,6614.0891517356,"ET12","GambelaPeoples"
"837","28",6198.40922448128,6324.23149862785,"ET12","GambelaPeoples"
"838","29",5782.72929722696,5895.68167223775,"ET12","GambelaPeoples"
"839","30",5367.04936997264,5404.22070877435,"ET12","GambelaPeoples"
"840","31",4951.36944271832,4925.62964444674,"ET12","GambelaPeoples"
"841","32",4535.689515464,4535.689515464,"ET12","GambelaPeoples"
"842","33",4424.61692956417,4289.47925737859,"ET12","GambelaPeoples"
"843","34",4313.54434366434,4159.26940311654,"ET12","GambelaPeoples"
"844","35",4202.4717577645,4096.62838494728,"ET12","GambelaPeoples"
"845","36",4091.39917186467,4053.12463514024,"ET12","GambelaPeoples"
"846","37",3980.32658596484,3980.32658596484,"ET12","GambelaPeoples"
"847","38",3780.4609649065,3841.79612170396,"ET12","GambelaPeoples"
"848","39",3580.59534384815,3649.06893469425,"ET12","GambelaPeoples"
"849","40",3380.72972278981,3425.67416928581,"ET12","GambelaPeoples"
"850","41",3180.86410173146,3195.14096982873,"ET12","GambelaPeoples"
"851","42",2980.99848067312,2980.99848067312,"ET12","GambelaPeoples"
"852","43",2843.19193770422,2801.27423836234,"ET12","GambelaPeoples"
"853","44",2705.38539473532,2651.9893482128,"ET12","GambelaPeoples"
"854","45",2567.57885176642,2523.66330773422,"ET12","GambelaPeoples"
"855","46",2429.77230879752,2406.81561443626,"ET12","GambelaPeoples"
"856","47",2291.96576582862,2291.96576582862,"ET12","GambelaPeoples"
"857","48",2156.8653960087,2171.23803790695,"ET12","GambelaPeoples"
"858","49",2021.76502618878,2043.17582061072,"ET12","GambelaPeoples"
"859","50",1886.66465636886,1907.92728236537,"ET12","GambelaPeoples"
"860","51",1751.56428654894,1765.64059159632,"ET12","GambelaPeoples"
"861","52",1616.46391672902,1616.46391672902,"ET12","GambelaPeoples"
"862","53",1485.67683538392,1462.06632086244,"ET12","GambelaPeoples"
"863","54",1354.88975403883,1310.20044578982,"ET12","GambelaPeoples"
"864","55",1224.10267269373,1170.13982797794,"ET12","GambelaPeoples"
"865","56",1093.31559134863,1051.15800389358,"ET12","GambelaPeoples"
"866","57",962.528510003536,962.528510003536,"ET12","GambelaPeoples"
"867","58",942.590542060806,910.033673978461,"ET12","GambelaPeoples"
"868","59",922.652574118077,885.490988304519,"ET12","GambelaPeoples"
"869","60",902.714606175347,877.22673667175,"ET12","GambelaPeoples"
"870","61",882.776638232618,873.567202770194,"ET12","GambelaPeoples"
"871","62",862.838670289888,862.838670289888,"ET12","GambelaPeoples"
"872","63",811.293467314689,835.851676497316,"ET12","GambelaPeoples"
"873","64",759.74826433949,793.353772964732,"ET12","GambelaPeoples"
"874","65",708.203061364292,738.576764840835,"ET12","GambelaPeoples"
"875","66",656.657858389093,674.752457274323,"ET12","GambelaPeoples"
"876","67",605.112655413894,605.112655413894,"ET12","GambelaPeoples"
"877","68",539.213043477999,532.831725878863,"ET12","GambelaPeoples"
"878","69",473.313431542104,460.854281171007,"ET12","GambelaPeoples"
"879","70",407.41381960621,392.067495262719,"ET12","GambelaPeoples"
"880","71",341.514207670315,329.358542126392,"ET12","GambelaPeoples"
"881","72",275.61459573442,275.61459573442,"ET12","GambelaPeoples"
"882","73",246.796456877821,232.835652839017,"ET12","GambelaPeoples"
"883","74",217.978318021222,199.473001311689,"ET12","GambelaPeoples"
"884","75",189.160179164623,173.090751803763,"ET12","GambelaPeoples"
"885","76",160.342040308024,151.253014966566,"ET12","GambelaPeoples"
"886","77",131.523901451426,131.523901451426,"ET12","GambelaPeoples"
"887","78",114.46872116114,112.003493457644,"ET12","GambelaPeoples"
"888","79",97.4135408708554,92.9357593764291,"ET12","GambelaPeoples"
"889","80",80.3583605805702,75.1006391469618,"ET12","GambelaPeoples"
"890","81",63.3031802902851,59.2780727084247,"ET12","GambelaPeoples"
"891","82",46.248,46.248,"ET12","GambelaPeoples"
"892","83",40.6048,36.5323534386224,"ET12","GambelaPeoples"
"893","84",34.9616,29.6210353522365,"ET12","GambelaPeoples"
"894","85",29.3184,24.7459405465394,"ET12","GambelaPeoples"
"895","86",23.6752,21.1389638272282,"ET12","GambelaPeoples"
"896","87",18.032,18.032,"ET12","GambelaPeoples"
"897","88",15.1072,14.8192983309959,"ET12","GambelaPeoples"
"898","89",12.1824,11.5445259281328,"ET12","GambelaPeoples"
"899","90",9.2576,8.41370435977179,"ET12","GambelaPeoples"
"900","91",6.3328,5.63285519427386,"ET12","GambelaPeoples"
"901","92",3.408,3.408,"ET12","GambelaPeoples"
"902","93",2.7744,1.88440523739419,"ET12","GambelaPeoples"
"903","94",2.1408,0.964316935232364,"ET12","GambelaPeoples"
"904","95",1.5072,0.489226014373443,"ET12","GambelaPeoples"
"905","96",0.8736,0.300623395676348,"ET12","GambelaPeoples"
"906","97",0.24,0.239999999999999,"ET12","GambelaPeoples"
"907","98",0.16,0.176961031177962,"ET12","GambelaPeoples"
"908","99",0.08,0.0935688249423699,"ET12","GambelaPeoples"
"909","100",0,2.77555756156289e-17,"ET12","GambelaPeoples"
"910","<1",4211.54039442539,4211.54039442539,"ET13","HarariPeople"
"911","1",4051.68592404201,4046.10245691846,"ET13","HarariPeople"
"912","2",3891.83145365862,3891.83145365862,"ET13","HarariPeople"
"913","3",3774.21577424167,3756.89375814785,"ET13","HarariPeople"
"914","4",3656.60009482472,3637.45350090762,"ET13","HarariPeople"
"915","5",3538.98441540777,3526.6742517143,"ET13","HarariPeople"
"916","6",3421.36873599081,3417.71958034426,"ET13","HarariPeople"
"917","7",3303.75305657386,3303.75305657386,"ET13","HarariPeople"
"918","8",3206.91837467193,3181.13914660487,"ET13","HarariPeople"
"919","9",3110.08369277,3059.04590234066,"ET13","HarariPeople"
"920","10",3013.24901086806,2949.84227210997,"ET13","HarariPeople"
"921","11",2916.41432896613,2865.89720424156,"ET13","HarariPeople"
"922","12",2819.5796470642,2819.5796470642,"ET13","HarariPeople"
"923","13",2853.2830411899,2818.48078014379,"ET13","HarariPeople"
"924","14",2886.9864353156,2851.0807079948,"ET13","HarariPeople"
"925","15",2920.6898294413,2901.08176636887,"ET13","HarariPeople"
"926","16",2954.393223567,2952.18629101763,"ET13","HarariPeople"
"927","17",2988.0966176927,2988.0966176927,"ET13","HarariPeople"
"928","18",2980.59905246674,2997.16541621606,"ET13","HarariPeople"
"929","19",2973.10148724078,2986.34669269106,"ET13","HarariPeople"
"930","20",2965.60392201482,2967.2447872914,"ET13","HarariPeople"
"931","21",2958.10635678886,2951.46404019078,"ET13","HarariPeople"
"932","22",2950.6087915629,2950.6087915629,"ET13","HarariPeople"
"933","23",2959.58354181408,2971.63630647126,"ET13","HarariPeople"
"934","24",2968.55829206525,3002.91554953855,"ET13","HarariPeople"
"935","25",2977.53304231643,3028.16841027724,"ET13","HarariPeople"
"936","26",2986.5077925676,3031.11677819982,"ET13","HarariPeople"
"937","27",2995.48254281878,2995.48254281878,"ET13","HarariPeople"
"938","28",2866.53282716929,2910.4427577688,"ET13","HarariPeople"
"939","29",2737.5831115198,2786.99513317337,"ET13","HarariPeople"
"940","30",2608.63339587032,2641.59254327819,"ET13","HarariPeople"
"941","31",2479.68368022083,2490.68786232895,"ET13","HarariPeople"
"942","32",2350.73396457134,2350.73396457134,"ET13","HarariPeople"
"943","33",2264.13688309579,2234.39709813056,"ET13","HarariPeople"
"944","34",2177.53980162023,2139.19700664974,"ET13","HarariPeople"
"945","35",2090.94272014468,2058.86680765155,"ET13","HarariPeople"
"946","36",2004.34563866913,1987.13961865861,"ET13","HarariPeople"
"947","37",1917.74855719358,1917.74855719358,"ET13","HarariPeople"
"948","38",1834.40558698296,1845.34305621958,"ET13","HarariPeople"
"949","39",1751.06261677235,1768.23781046169,"ET13","HarariPeople"
"950","40",1667.71964656174,1685.66383008551,"ET13","HarariPeople"
"951","41",1584.37667635113,1596.85212525659,"ET13","HarariPeople"
"952","42",1501.03370614052,1501.03370614052,"ET13","HarariPeople"
"953","43",1407.60420552403,1398.59126251094,"ET13","HarariPeople"
"954","44",1314.17470490754,1294.51420257385,"ET13","HarariPeople"
"955","45",1220.74520429105,1194.9436141433,"ET13","HarariPeople"
"956","46",1127.31570367455,1106.02058503335,"ET13","HarariPeople"
"957","47",1033.88620305806,1033.88620305806,"ET13","HarariPeople"
"958","48",991.562688869536,982.139848498879,"ET13","HarariPeople"
"959","49",949.239174681007,944.214071506722,"ET13","HarariPeople"
"960","50",906.915660492479,910.999714699893,"ET13","HarariPeople"
"961","51",864.59214630395,873.387620696693,"ET13","HarariPeople"
"962","52",822.268632115422,822.268632115422,"ET13","HarariPeople"
"963","53",751.632323835789,751.924290202692,"ET13","HarariPeople"
"964","54",680.996015556156,670.198930718351,"ET13","HarariPeople"
"965","55",610.359707276522,588.327588050558,"ET13","HarariPeople"
"966","56",539.723398996889,517.545296587474,"ET13","HarariPeople"
"967","57",469.087090717256,469.087090717256,"ET13","HarariPeople"
"968","58",470.518920608908,450.358906358711,"ET13","HarariPeople"
"969","59",471.950750500559,453.450285553228,"ET13","HarariPeople"
"970","60",473.382580392211,466.621671872843,"ET13","HarariPeople"
"971","61",474.814410283862,478.133508889593,"ET13","HarariPeople"
"972","62",476.246240175514,476.246240175514,"ET13","HarariPeople"
"973","63",436.070051975584,452.583721010737,"ET13","HarariPeople"
"974","64",395.893863775654,412.223453507775,"ET13","HarariPeople"
"975","65",355.717675575724,363.606351487236,"ET13","HarariPeople"
"976","66",315.541487375794,315.17332876973,"ET13","HarariPeople"
"977","67",275.365299175864,275.365299175864,"ET13","HarariPeople"
"978","68",263.152693655564,250.328538444582,"ET13","HarariPeople"
"979","69",250.940088135263,237.03076998817,"ET13","HarariPeople"
"980","70",238.727482614963,230.145079137249,"ET13","HarariPeople"
"981","71",226.514877094662,224.344551222439,"ET13","HarariPeople"
"982","72",214.302271574362,214.302271574362,"ET13","HarariPeople"
"983","73",189.898705275766,196.117420373036,"ET13","HarariPeople"
"984","74",165.495138977169,171.593557196069,"ET13","HarariPeople"
"985","75",141.091572678573,143.960336470467,"ET13","HarariPeople"
"986","76",116.688006379977,116.447412623236,"ET13","HarariPeople"
"987","77",92.2844400813802,92.2844400813802,"ET13","HarariPeople"
"988","78",81.7611520651042,73.9403632567231,"ET13","HarariPeople"
"989","79",71.2378640488281,60.8412865003522,"ET13","HarariPeople"
"990","80",60.7145760325521,51.6526041481718,"ET13","HarariPeople"
"991","81",50.191288016276,45.0397105360862,"ET13","HarariPeople"
"992","82",39.668,39.668,"ET13","HarariPeople"
"993","83",34.8256,34.4487869140877,"ET13","HarariPeople"
"994","84",29.9832,29.2770658056053,"ET13","HarariPeople"
"995","85",25.1408,24.293751240079,"ET13","HarariPeople"
"996","86",20.2984,19.6397577830352,"ET13","HarariPeople"
"997","87",15.456,15.456,"ET13","HarariPeople"
"998","88",12.9328,11.8539304085928,"ET13","HarariPeople"
"999","89",10.4096,8.82715333480482,"ET13","HarariPeople"
"1000","90",7.8864,6.33981105672049,"ET13","HarariPeople"
"1001","91",5.3632,4.3560458524241,"ET13","HarariPeople"
"1002","92",2.84,2.84,"ET13","HarariPeople"
"1003","93",2.304,1.7489314515412,"ET13","HarariPeople"
"1004","94",1.768,1.01256085517542,"ET13","HarariPeople"
"1005","95",1.232,0.553724533039034,"ET13","HarariPeople"
"1006","96",0.696,0.295258807268432,"ET13","HarariPeople"
"1007","97",0.16,0.159999999999998,"ET13","HarariPeople"
"1008","98",0.106666666666667,0.0810870885341368,"ET13","HarariPeople"
"1009","99",0.0533333333333333,0.0328696708273094,"ET13","HarariPeople"
"1010","100",0,2.77555756156289e-17,"ET13","HarariPeople"
"1011","<1",32259.348363569,32259.348363569,"ET14","AddisAbeba"
"1012","1",31034.9106962661,31049.4745973152,"ET14","AddisAbeba"
"1013","2",29810.4730289632,29810.4730289633,"ET14","AddisAbeba"
"1014","3",28721.9275669087,28530.8852215062,"ET14","AddisAbeba"
"1015","4",27633.3821048542,27269.9301983017,"ET14","AddisAbeba"
"1016","5",26544.8366427997,26104.4963477985,"ET14","AddisAbeba"
"1017","6",25456.2911807451,25111.4720584452,"ET14","AddisAbeba"
"1018","7",24367.7457186906,24367.7457186906,"ET14","AddisAbeba"
"1019","8",24772.5771075277,23944.7035234096,"ET14","AddisAbeba"
"1020","9",25177.4084963648,23891.7228931819,"ET14","AddisAbeba"
"1021","10",25582.239885202,24252.6790550132,"ET14","AddisAbeba"
"1022","11",25987.0712740391,25071.4472359094,"ET14","AddisAbeba"
"1023","12",26391.9026628762,26391.9026628762,"ET14","AddisAbeba"
"1024","13",29004.4125764498,28237.1152092936,"ET14","AddisAbeba"
"1025","14",31616.9224900233,30546.9333340382,"ET14","AddisAbeba"
"1026","15",34229.4324035969,33240.400142361,"ET14","AddisAbeba"
"1027","16",36841.9423171704,36236.5587395126,"ET14","AddisAbeba"
"1028","17",39454.452230744,39454.452230744,"ET14","AddisAbeba"
"1029","18",42589.2096288192,42805.8580208199,"ET14","AddisAbeba"
"1030","19",45723.9670268943,46173.4907125609,"ET14","AddisAbeba"
"1031","20",48858.7244249695,49432.7992083015,"ET14","AddisAbeba"
"1032","21",51993.4818230446,52459.2324103763,"ET14","AddisAbeba"
"1033","22",55128.2392211198,55128.2392211198,"ET14","AddisAbeba"
"1034","23",55529.9267165523,57302.3412445602,"ET14","AddisAbeba"
"1035","24",55931.6142119848,58792.3508915002,"ET14","AddisAbeba"
"1036","25",56333.3017074172,59396.1532744362,"ET14","AddisAbeba"
"1037","26",56734.9892028497,58911.6335058648,"ET14","AddisAbeba"
"1038","27",57136.6766982822,57136.6766982822,"ET14","AddisAbeba"
"1039","28",53206.4766469918,53994.4028476189,"ET14","AddisAbeba"
"1040","29",49276.2765957014,49908.8714835415,"ET14","AddisAbeba"
"1041","30",45346.076544411,45429.3770191506,"ET14","AddisAbeba"
"1042","31",41415.8764931206,41105.2138675466,"ET14","AddisAbeba"
"1043","32",37485.6764418302,37485.6764418302,"ET14","AddisAbeba"
"1044","33",35963.1562329857,34965.5823210021,"ET14","AddisAbeba"
"1045","34",34440.6360241412,33321.841747664,"ET14","AddisAbeba"
"1046","35",32918.1158152966,32176.8881303176,"ET14","AddisAbeba"
"1047","36",31395.5956064521,31153.1548774649,"ET14","AddisAbeba"
"1048","37",29873.0753976076,29873.0753976076,"ET14","AddisAbeba"
"1049","38",27782.322804307,28063.1363675699,"ET14","AddisAbeba"
"1050","39",25691.5702110064,25866.037537465,"ET14","AddisAbeba"
"1051","40",23600.8176177057,23528.5319257288,"ET14","AddisAbeba"
"1052","41",21510.0650244051,21297.3725507967,"ET14","AddisAbeba"
"1053","42",19419.3124311045,19419.3124311045,"ET14","AddisAbeba"
"1054","43",18636.690962068,18073.4593753232,"ET14","AddisAbeba"
"1055","44",17854.0694930315,17168.3403530659,"ET14","AddisAbeba"
"1056","45",17071.448023995,16544.837124181,"ET14","AddisAbeba"
"1057","46",16288.8265549585,16043.8314485169,"ET14","AddisAbeba"
"1058","47",15506.205085922,15506.205085922,"ET14","AddisAbeba"
"1059","48",14768.4421114236,14813.7819214429,"ET14","AddisAbeba"
"1060","49",14030.6791369252,14012.1543409177,"ET14","AddisAbeba"
"1061","50",13292.9161624268,13187.856855383,"ET14","AddisAbeba"
"1062","51",12555.1531879283,12427.4239758749,"ET14","AddisAbeba"
"1063","52",11817.3902134299,11817.3902134299,"ET14","AddisAbeba"
"1064","53",11499.9068471654,11413.7145377938,"ET14","AddisAbeba"
"1065","54",11182.423480901,11150.0537535502,"ET14","AddisAbeba"
"1066","55",10864.9401146365,10929.4891239925,"ET14","AddisAbeba"
"1067","56",10547.456748372,10655.1019124139,"ET14","AddisAbeba"
"1068","57",10229.9733821075,10229.9733821075,"ET14","AddisAbeba"
"1069","58",9484.87471870005,9589.61219556788,"ET14","AddisAbeba"
"1070","59",8739.77605529256,8799.23661209402,"ET14","AddisAbeba"
"1071","60",7994.67739188506,7956.49229018625,"ET14","AddisAbeba"
"1072","61",7249.57872847757,7159.02488834484,"ET14","AddisAbeba"
"1073","62",6504.48006507008,6504.48006507008,"ET14","AddisAbeba"
"1074","63",6239.6572855611,6061.6008668048,"ET14","AddisAbeba"
"1075","64",5974.83450605213,5783.51989176207,"ET14","AddisAbeba"
"1076","65",5710.01172654315,5594.46712609748,"ET14","AddisAbeba"
"1077","66",5445.18894703418,5418.67255596665,"ET14","AddisAbeba"
"1078","67",5180.3661675252,5180.3661675252,"ET14","AddisAbeba"
"1079","68",4732.96668745117,4824.13124533713,"ET14","AddisAbeba"
"1080","69",4285.56720737714,4375.96426760005,"ET14","AddisAbeba"
"1081","70",3838.1677273031,3882.21501092,"ET14","AddisAbeba"
"1082","71",3390.76824722907,3389.23325190299,"ET14","AddisAbeba"
"1083","72",2943.36876715504,2943.36876715504,"ET14","AddisAbeba"
"1084","73",2672.26715027714,2579.329837635,"ET14","AddisAbeba"
"1085","74",2401.16553339924,2285.25876171303,"ET14","AddisAbeba"
"1086","75",2130.06391652134,2037.65634211214,"ET14","AddisAbeba"
"1087","76",1858.96229964344,1813.02338155531,"ET14","AddisAbeba"
"1088","77",1587.86068276553,1587.86068276553,"ET14","AddisAbeba"
"1089","78",1363.34854621243,1345.3384147808,"ET14","AddisAbeba"
"1090","79",1138.83640965932,1095.304211899,"ET14","AddisAbeba"
"1091","80",914.324273106214,854.275074733008,"ET14","AddisAbeba"
"1092","81",689.812136553107,638.768003895716,"ET14","AddisAbeba"
"1093","82",465.3,465.3,"ET14","AddisAbeba"
"1094","83",408.5984,345.389271609973,"ET14","AddisAbeba"
"1095","84",351.8968,270.55885909468,"ET14","AddisAbeba"
"1096","85",295.1952,227.333010774401,"ET14","AddisAbeba"
"1097","86",238.4936,202.235974969415,"ET14","AddisAbeba"
"1098","87",181.792,181.792,"ET14","AddisAbeba"
"1099","88",152.2212,155.375104355266,"ET14","AddisAbeba"
"1100","89",122.6504,123.75838719964,"ET14","AddisAbeba"
"1101","90",93.0796,90.5647178663817,"ET14","AddisAbeba"
"1102","91",63.5088,59.4169656887489,"ET14","AddisAbeba"
"1103","92",33.938,33.938,"ET14","AddisAbeba"
"1104","93",27.6144,16.8222469689649,"ET14","AddisAbeba"
"1105","94",21.2908,7.05036010675963,"ET14","AddisAbeba"
"1106","95",14.9672,2.67454976007196,"ET14","AddisAbeba"
"1107","96",8.6436,1.74702627558953,"ET14","AddisAbeba"
"1108","97",2.32,2.31999999999997,"ET14","AddisAbeba"
"1109","98",2.54666666666667,2.79516246912192,"ET14","AddisAbeba"
"1110","99",2.77333333333333,2.97212997529753,"ET14","AddisAbeba"
"1111","100",3,3,"ET14","AddisAbeba"
"1112","<1",7330.57933947444,7330.57933947444,"ET15","DireDawa"
"1113","1",7052.33836193009,7047.62851202277,"ET15","DireDawa"
"1114","2",6774.09738438575,6774.09738438575,"ET15","DireDawa"
"1115","3",6544.89804498552,6517.41104798162,"ET15","DireDawa"
"1116","4",6315.69870558529,6277.01616064311,"ET15","DireDawa"
"1117","5",6086.49936618506,6050.36477180654,"ET15","DireDawa"
"1118","6",5857.30002678483,5834.90893090826,"ET15","DireDawa"
"1119","7",5628.1006873846,5628.1006873846,"ET15","DireDawa"
"1120","8",5516.81939707159,5430.88888327318,"ET15","DireDawa"
"1121","9",5405.53810675858,5258.20953101685,"ET15","DireDawa"
"1122","10",5294.25681644558,5128.49543565971,"ET15","DireDawa"
"1123","11",5182.97552613257,5060.17940224591,"ET15","DireDawa"
"1124","12",5071.69423581956,5071.69423581956,"ET15","DireDawa"
"1125","13",5227.61767871736,5172.50819634691,"ET15","DireDawa"
"1126","14",5383.54112161516,5336.23136348266,"ET15","DireDawa"
"1127","15",5539.46456451296,5527.50927180364,"ET15","DireDawa"
"1128","16",5695.38800741076,5710.98745588667,"ET15","DireDawa"
"1129","17",5851.31145030856,5851.31145030856,"ET15","DireDawa"
"1130","18",5848.3445066905,5922.47290520237,"ET15","DireDawa"
"1131","19",5845.37756307244,5935.84793292606,"ET15","DireDawa"
"1132","20",5842.41061945438,5912.15876139381,"ET15","DireDawa"
"1133","21",5839.44367583632,5872.12761851981,"ET15","DireDawa"
"1134","22",5836.47673221826,5836.47673221826,"ET15","DireDawa"
"1135","23",5778.5883637619,5818.71097651248,"ET15","DireDawa"
"1136","24",5720.69999530553,5803.46580986237,"ET15","DireDawa"
"1137","25",5662.81162684917,5768.15933683696,"ET15","DireDawa"
"1138","26",5604.9232583928,5690.20966200531,"ET15","DireDawa"
"1139","27",5547.03488993644,5547.03488993644,"ET15","DireDawa"
"1140","28",5269.87725486397,5324.84375306839,"ET15","DireDawa"
"1141","29",4992.7196197915,5045.00749531515,"ET15","DireDawa"
"1142","30",4715.56198471902,4737.6879884597,"ET15","DireDawa"
"1143","31",4438.40434964655,4433.04710428501,"ET15","DireDawa"
"1144","32",4161.24671457408,4161.24671457408,"ET15","DireDawa"
"1145","33",4013.55889399288,3945.02701044018,"ET15","DireDawa"
"1146","34",3865.87107341169,3777.44146031783,"ET15","DireDawa"
"1147","35",3718.18325283049,3644.12185197182,"ET15","DireDawa"
"1148","36",3570.4954322493,3530.69997316697,"ET15","DireDawa"
"1149","37",3422.8076116681,3422.8076116681,"ET15","DireDawa"
"1150","38",3284.88371716975,3308.23485126916,"ET15","DireDawa"
"1151","39",3146.9598226714,3183.40495988076,"ET15","DireDawa"
"1152","40",3009.03592817306,3046.89950144266,"ET15","DireDawa"
"1153","41",2871.11203367471,2897.3000398946,"ET15","DireDawa"
"1154","42",2733.18813917636,2733.18813917636,"ET15","DireDawa"
"1155","43",2567.96465563863,2555.23955471219,"ET15","DireDawa"
"1156","44",2402.7411721009,2372.50680786442,"ET15","DireDawa"
"1157","45",2237.51768856316,2196.13661147986,"ET15","DireDawa"
"1158","46",2072.29420502543,2037.27567840534,"ET15","DireDawa"
"1159","47",1907.0707214877,1907.0707214877,"ET15","DireDawa"
"1160","48",1831.01916843504,1812.27479299242,"ET15","DireDawa"
"1161","49",1754.96761538237,1742.06630285963,"ET15","DireDawa"
"1162","50",1678.91606232971,1681.23000044816,"ET15","DireDawa"
"1163","51",1602.86450927705,1614.55063511681,"ET15","DireDawa"
"1164","52",1526.81295622438,1526.81295622438,"ET15","DireDawa"
"1165","53",1409.86994328156,1408.42076757453,"ET15","DireDawa"
"1166","54",1292.92693033874,1272.25409075031,"ET15","DireDawa"
"1167","55",1175.98391739592,1136.81200177959,"ET15","DireDawa"
"1168","56",1059.0409044531,1020.59357669029,"ET15","DireDawa"
"1169","57",942.097891510278,942.097891510278,"ET15","DireDawa"
"1170","58",940.734993473291,913.202863676252,"ET15","DireDawa"
"1171","59",939.372095436304,919.301776260079,"ET15","DireDawa"
"1172","60",938.009197399318,939.166753742426,"ET15","DireDawa"
"1173","61",936.646299362331,951.569920603959,"ET15","DireDawa"
"1174","62",935.283401325344,935.283401325344,"ET15","DireDawa"
"1175","63",846.231907822265,875.555288900499,"ET15","DireDawa"
"1176","64",757.180414319186,783.537550376355,"ET15","DireDawa"
"1177","65",668.128920816108,676.858121313094,"ET15","DireDawa"
"1178","66",579.077427313029,573.144937270898,"ET15","DireDawa"
"1179","67",490.02593380995,490.02593380995,"ET15","DireDawa"
"1180","68",469.460780905857,440.224076886106,"ET15","DireDawa"
"1181","69",448.895628001764,416.842454037914,"ET15","DireDawa"
"1182","70",428.33047509767,408.079183199598,"ET15","DireDawa"
"1183","71",407.765322193577,402.132382305381,"ET15","DireDawa"
"1184","72",387.200169289484,387.200169289484,"ET15","DireDawa"
"1185","73",341.581057056896,354.635962550483,"ET15","DireDawa"
"1186","74",295.961944824308,308.414382344356,"ET15","DireDawa"
"1187","75",250.34283259172,255.665349391437,"ET15","DireDawa"
"1188","76",204.723720359132,203.518784412055,"ET15","DireDawa"
"1189","77",159.104608126543,159.104608126543,"ET15","DireDawa"
"1190","78",143.602086501235,127.784942996683,"ET15","DireDawa"
"1191","79",128.099564875926,107.850718450062,"ET15","DireDawa"
"1192","80",112.597043250617,95.8250656557157,"ET15","DireDawa"
"1193","81",97.0945216253087,88.2311157826827,"ET15","DireDawa"
"1194","82",81.592,81.592,"ET15","DireDawa"
"1195","83",71.64,73.1572772898398,"ET15","DireDawa"
"1196","84",61.688,63.0822178869135,"ET15","DireDawa"
"1197","85",51.736,52.2485198390672,"ET15","DireDawa"
"1198","86",41.784,41.5378811941474,"ET15","DireDawa"
"1199","87",31.832,31.832,"ET15","DireDawa"
"1200","88",26.6584,23.8264192047477,"ET15","DireDawa"
"1201","89",21.4848,17.4720613576178,"ET15","DireDawa"
"1202","90",16.3112,12.5336939081141,"ET15","DireDawa"
"1203","91",11.1376,8.77608430574024,"ET15","DireDawa"
"1204","92",5.964,5.964,"ET15","DireDawa"
"1205","93",4.8512,3.88258189116958,"ET15","DireDawa"
"1206","94",3.7384,2.3984646826154,"ET15","DireDawa"
"1207","95",2.6256,1.39865652847644,"ET15","DireDawa"
"1208","96",1.5128,0.770165582891653,"ET15","DireDawa"
"1209","97",0.4,0.399999999999999,"ET15","DireDawa"
"1210","98",0.266666666666667,0.185925823982168,"ET15","DireDawa"
"1211","99",0.133333333333333,0.0687406591857341,"ET15","DireDawa"
"1212","100",0,1.11022302462516e-16,"ET15","DireDawa"
